{"cameraMode":{"drawMode":0,"name":"Shaded","section":"Shading Mode"},"sceneLighting":true,"audioPlay":false,"sceneViewState":{"showFog":true,"showMaterialUpdate":false,"showSkybox":true,"showFlares":true,"showImageEffects":true,"showParticleSystems":true},"in2DMode":false,"pivot":{"x":0.3786652088165283,"y":-0.8540881276130676,"z":-4.4348554611206059},"rotation":{"x":-0.049995679408311847,"y":0.928533136844635,"z":-0.3419009745121002,"w":-0.13577792048454286},"size":0.8698737025260925,"orthographic":false}