{"cameraMode":{"drawMode":0,"name":"Shaded","section":"Shading Mode"},"sceneLighting":true,"audioPlay":false,"sceneViewState":{"m_AlwaysRefresh":false,"showFog":true,"showSkybox":true,"showFlares":true,"showImageEffects":true,"showParticleSystems":true,"showVisualEffectGraphs":true,"m_FxEnabled":true},"in2DMode":false,"pivot":{"x":-44.851905822753909,"y":-38.08079528808594,"z":173.10992431640626},"rotation":{"x":0.11888181418180466,"y":-0.13657580316066743,"z":0.01650749146938324,"w":0.9833510518074036},"size":92.05760955810547,"orthographic":false}